"id","first_name","last_name","email","gender"
1,"Ferdinande","Holyard","fholyard0@free.fr","Polygender"
2,"Tom","Meharg","tmeharg1@earthlink.net","Male"
3,"Wadsworth","Kearey","wkearey2@ed.gov","Male"
4,"Odelle","Dennistoun","odennistoun3@google.com.au","Female"
5,"Nyssa","MacKean","nmackean4@mashable.com","Female"
6,"Corbet","Omar","comar5@wufoo.com","Male"
7,"Alethea","Burditt","aburditt6@yahoo.co.jp","Female"
8,"Danella","Lineham","dlineham7@t.co","Female"
9,"Liva","Heliar","lheliar8@g.co","Genderqueer"
10,"Chip","Gilardoni","cgilardoni9@ustream.tv","Male"
11,"Granny","Keat","gkeata@mayoclinic.com","Male"
12,"Boothe","Potter","bpotterb@redcross.org","Male"
13,"Crosby","Di Biasi","cdibiasic@newsvine.com","Male"
14,"Wyatan","Monck","wmonckd@washington.edu","Male"
15,"Quinta","Huniwall","qhuniwalle@blogger.com","Female"
16,"Cordie","Szimoni","cszimonif@google.co.jp","Male"
17,"Curran","Stollenhof","cstollenhofg@discovery.com","Male"
18,"Dianne","Sabbins","dsabbinsh@sogou.com","Female"
19,"Candy","Bruggeman","cbruggemani@umich.edu","Female"
20,"Philly","Fierman","pfiermanj@squarespace.com","Female"
21,"Antonino","Munnery","amunneryk@upenn.edu","Male"
22,"Cordelie","Sarfatti","csarfattil@about.me","Female"
23,"Ulrica","Ripon","uriponm@amazonaws.com","Female"
24,"Judas","Treacher","jtreachern@about.me","Male"
25,"Antoinette","Sliney","aslineyo@nbcnews.com","Female"
26,"Hatti","Rearie","hreariep@qq.com","Female"
27,"Cirstoforo","Sear","csearq@techcrunch.com","Male"
28,"Kania","Bansal","kbansalr@twitter.com","Female"
29,"Robinetta","Manuelli","rmanuellis@t-online.de","Female"
30,"Penrod","Rothert","prothertt@sina.com.cn","Male"
31,"Shawn","McKernon","smckernonu@ucoz.com","Male"
32,"Keslie","Greensite","kgreensitev@bloomberg.com","Female"
33,"Iggy","Edgecumbe","iedgecumbew@friendfeed.com","Male"
34,"Rhianna","Bewley","rbewleyx@mozilla.org","Female"
35,"Marcela","Marjot","mmarjoty@noaa.gov","Female"
36,"Pammi","Lawes","plawesz@clickbank.net","Female"
37,"Roshelle","Mardy","rmardy10@forbes.com","Female"
38,"Chicky","Sacks","csacks11@cyberchimps.com","Female"
39,"Zerk","Kernar","zkernar12@digg.com","Male"
40,"Corrianne","Pashenkov","cpashenkov13@g.co","Female"
41,"Ofelia","Henzer","ohenzer14@mit.edu","Female"
42,"Dominica","McPeeters","dmcpeeters15@psu.edu","Genderqueer"
43,"Kellsie","Buckingham","kbuckingham16@zdnet.com","Female"
44,"Wells","Kunat","wkunat17@scientificamerican.com","Bigender"
45,"Gabbey","Cordingly","gcordingly18@twitpic.com","Female"
46,"Rolando","Whaites","rwhaites19@xing.com","Male"
47,"Annabal","Abbot","aabbot1a@odnoklassniki.ru","Female"
48,"Anson","Cristofano","acristofano1b@cisco.com","Male"
49,"Jacky","Durdle","jdurdle1c@yellowpages.com","Male"
50,"Anjela","Sharrem","asharrem1d@lulu.com","Female"
51,"Andris","O'Connor","aoconnor1e@vinaora.com","Male"
52,"Ailina","Colebourne","acolebourne1f@123-reg.co.uk","Female"
53,"Kandace","Ivanonko","kivanonko1g@ycombinator.com","Female"
54,"Judy","Seekings","jseekings1h@independent.co.uk","Agender"
55,"Frans","Goolding","fgoolding1i@themeforest.net","Male"
56,"Jeromy","Kurtis","jkurtis1j@ameblo.jp","Male"
57,"Ivie","Wiggett","iwiggett1k@nasa.gov","Female"
58,"Lindsey","Bear","lbear1l@webmd.com","Male"
59,"Ab","Poundsford","apoundsford1m@cbc.ca","Male"
60,"Hastings","Mansion","hmansion1n@usa.gov","Male"
61,"Alexa","Fleay","afleay1o@springer.com","Female"
62,"Albert","Rochford","arochford1p@photobucket.com","Male"
63,"Verine","Harnes","vharnes1q@opera.com","Female"
64,"Courtney","Heading","cheading1r@diigo.com","Male"
65,"Winne","Owtram","wowtram1s@economist.com","Female"
66,"Sarita","McCawley","smccawley1t@plala.or.jp","Female"
67,"Alwyn","Summerfield","asummerfield1u@acquirethisname.com","Male"
68,"Janot","Rudd","jrudd1v@sbwire.com","Female"
69,"Edlin","Torry","etorry1w@infoseek.co.jp","Male"
70,"Merell","Skain","mskain1x@tamu.edu","Male"
71,"Avie","Kirsop","akirsop1y@theguardian.com","Female"
72,"Eimile","Gietz","egietz1z@cargocollective.com","Female"
73,"Odell","Gentzsch","ogentzsch20@nbcnews.com","Male"
74,"Annabela","Hedworth","ahedworth21@w3.org","Female"
75,"Jamesy","Cowthart","jcowthart22@com.com","Male"
76,"Wandie","Milmore","wmilmore23@harvard.edu","Female"
77,"Thurston","Renackowna","trenackowna24@nps.gov","Male"
78,"Valencia","Creagh","vcreagh25@pen.io","Female"
79,"Odella","Oddboy","ooddboy26@deliciousdays.com","Female"
80,"Liana","Dearnley","ldearnley27@nhs.uk","Female"
81,"Alberik","Keane","akeane28@ox.ac.uk","Male"
82,"Dannie","Tummasutti","dtummasutti29@ovh.net","Male"
83,"Greer","Hillum","ghillum2a@google.com","Female"
84,"Debi","Pagel","dpagel2b@ihg.com","Female"
85,"Emery","Davitti","edavitti2c@ucsd.edu","Male"
86,"Adina","Dabs","adabs2d@si.edu","Female"
87,"Hadlee","Durram","hdurram2e@alexa.com","Male"
88,"Delmor","Boldock","dboldock2f@mac.com","Male"
89,"Ana","Mathan","amathan2g@jigsy.com","Female"
90,"Vincenz","Greathead","vgreathead2h@desdev.cn","Male"
91,"Guillemette","Birchner","gbirchner2i@dot.gov","Female"
92,"Hewie","Daskiewicz","hdaskiewicz2j@dedecms.com","Male"
93,"Lew","Higgan","lhiggan2k@indiegogo.com","Agender"
94,"Anthe","McDirmid","amcdirmid2l@aboutads.info","Polygender"
95,"Mariquilla","Jirek","mjirek2m@hibu.com","Female"
96,"Penni","Fouracres","pfouracres2n@deliciousdays.com","Female"
97,"Amberly","Brisseau","abrisseau2o@msn.com","Female"
98,"Claire","Ruperto","cruperto2p@indiatimes.com","Female"
99,"Booth","Demeter","bdemeter2q@toplist.cz","Male"
100,"Wells","McInnerny","wmcinnerny2r@adobe.com","Male"
